{
  "hash": "30c458f7",
  "configHash": "e40fbcc7",
  "lockfileHash": "a3835b39",
  "browserHash": "8266d2d2",
  "optimized": {
    "@angular/common": {
      "src": "../../../../../../node_modules/@angular/common/fesm2022/common.mjs",
      "file": "@angular_common.js",
      "fileHash": "97d49b79",
      "needsInterop": false
    },
    "@angular/common/http": {
      "src": "../../../../../../node_modules/@angular/common/fesm2022/http.mjs",
      "file": "@angular_common_http.js",
      "fileHash": "9b8c77cd",
      "needsInterop": false
    },
    "@angular/core": {
      "src": "../../../../../../node_modules/@angular/core/fesm2022/core.mjs",
      "file": "@angular_core.js",
      "fileHash": "f3c56d95",
      "needsInterop": false
    },
    "@angular/platform-browser": {
      "src": "../../../../../../node_modules/@angular/platform-browser/fesm2022/platform-browser.mjs",
      "file": "@angular_platform-browser.js",
      "fileHash": "8af781ec",
      "needsInterop": false
    },
    "@angular/router": {
      "src": "../../../../../../node_modules/@angular/router/fesm2022/router.mjs",
      "file": "@angular_router.js",
      "fileHash": "c7d161b9",
      "needsInterop": false
    },
    "ngx-markdown": {
      "src": "../../../../../../node_modules/ngx-markdown/fesm2022/ngx-markdown.mjs",
      "file": "ngx-markdown.js",
      "fileHash": "a79b202e",
      "needsInterop": false
    },
    "rxjs": {
      "src": "../../../../../../node_modules/rxjs/dist/esm5/index.js",
      "file": "rxjs.js",
      "fileHash": "e01b3fb1",
      "needsInterop": false
    }
  },
  "chunks": {
    "chunk-WII67UTI": {
      "file": "chunk-WII67UTI.js"
    },
    "chunk-7GHJ4PUI": {
      "file": "chunk-7GHJ4PUI.js"
    },
    "chunk-6ASTNXBR": {
      "file": "chunk-6ASTNXBR.js"
    },
    "chunk-WRJ3OIFZ": {
      "file": "chunk-WRJ3OIFZ.js"
    },
    "chunk-YCR3CWZC": {
      "file": "chunk-YCR3CWZC.js"
    },
    "chunk-PJVWDKLX": {
      "file": "chunk-PJVWDKLX.js"
    }
  }
}